<application>
  <component name="FileTypeManager" version="18">
    <ignoreFiles list="*.orig;*.pyc;*.pyo;*.rbc;*.yarb;*~;.DS_Store;.git;.hg;.svn;CVS;__pycache__;_svn;vssver.scc;vssver2.scc" />
    <extensionMap>
      <mapping pattern="ReadMe" type="AUTO_DETECTED" />
      <mapping pattern="fuck" type="AUTO_DETECTED" />
      <mapping pattern="authrecord" type="AUTO_DETECTED" />
      <mapping pattern="Dockerfile-dev" type="AUTO_DETECTED" />
      <mapping pattern="dnsproxypush.sh" type="AUTO_DETECTED" />
      <mapping pattern="ss" type="AUTO_DETECTED" />
      <mapping pattern="txt" type="AUTO_DETECTED" />
      <mapping pattern="s" type="AUTO_DETECTED" />
      <mapping pattern=".env.*" type="Env File" />
      <mapping ext="env" type="Env File" />
      <mapping ext="conf" type="PLAIN_TEXT" />
      <mapping ext="bak" type="PLAIN_TEXT" />
      <mapping ext="o" type="PLAIN_TEXT" />
      <mapping ext="db" type="PLAIN_TEXT" />
      <mapping ext="new" type="PLAIN_TEXT" />
      <mapping ext="2s1r" type="PLAIN_TEXT" />
      <mapping ext="jwk" type="PLAIN_TEXT" />
      <mapping ext="mp4" type="PLAIN_TEXT" />
      <mapping ext="properties" type="PLAIN_TEXT" />
      <removed_mapping ext="pdf" approved="true" type="Native" />
      <mapping ext=".model" type="Tabnine project model file" />
      <mapping ext=".tabnine" type="Tabnine project model file" />
      <mapping ext=".tabnine.model" type="Tabnine project model file" />
      <mapping ext="model" type="Tabnine project model file" />
      <mapping ext="tabnine" type="Tabnine project model file" />
    </extensionMap>
  </component>
</application>