<application>
  <component name="GoSdkList">
    <sdk-url>
      <set>
        <option value="file://$USER_HOME$/gopath/go1.17.8" />
        <option value="file://$USER_HOME$/gopath/go1.19.2" />
        <option value="file://$USER_HOME$/gopath/go1.19.4" />
        <option value="file://$USER_HOME$/sdk/go1.13.1" />
        <option value="file://$USER_HOME$/sdk/go1.16.1" />
        <option value="file://$USER_HOME$/sdk/go1.17.3" />
        <option value="file://$USER_HOME$/sdk/go1.18beta1" />
        <option value="file://$USER_HOME$/sdk/go1.19" />
        <option value="file://$USER_HOME$/sdk/go1.19.2" />
        <option value="file://$USER_HOME$/sdk/go1.19.4" />
      </set>
    </sdk-url>
  </component>
</application>